分类	WarehouseCode	FactoryCode	库存行数	库存数量
A	010497	BJ	39	.00
A	011110	BJ	2	.00
A	011140	CN	3	.00
A	011240	BJ	1	200.00
A	011280	BJ	4	56.00
A	011430	BJ	1	10.00
A	011498	BJ	41	.00
A	011530	BJ	3	20.00
A	011622	CN	81	1116.00
A	011630	BJ	1	.00
A	011631	BJ	1	.00
A	011632	BJ	1	.00
A	012120	BJ	17	205.00
A	012130	BJ	117	51239.00
A	012160	CN	230	4755.00
A	012520	CN	9	126.00
A	012700	CN	9	33.00
A	012871	BJ	47	851.00
A	012872	BJ	27	458.00
A	012874	BJ	8	38.00
A	012875	BJ	2	44.00
A	013020	BJ	1	.00
A	013030	CN	3	12.00
A	013032	CN	60	366.00
A	013040	CN	163	526.00
A	013060	CN	40	44.00
A	013090	CN	1	1.00
A	013110	CN	12	93.00
A	013303	CN	20	451.00
A	013810	CN	557	-3147.00
A	013820	CN	62	-213.00
A	013830	CN	25	-1973.00
A	013840	CN	14	6.00
A	013910	CN	1323	3320.00
A	013920	CN	1	1.00
A	013930	CN	12	5.00
A	014000	CN	8	6.00
A	014010	CN	142	572.00
A	014100	CN	45	21.00
A	014110	CN	2894	46163.00
A	014120	CN	516	7809.00
A	014130	CN	347	4873.00
A	014131	CN	84	583.00
A	014160	CN	369	13038.00
A	014200	CN	20	1.00
A	014210	CN	1202	19551.00
A	014220	CN	91	324.00
A	014300	CN	11	.00
A	014400	CN	112	221.00
A	014420	BJ	1	.00
A	014496	BJ	204	.00
A	014500	CN	4	65.00
A	014800	CN	2	.00
A	014991	CN	211	1188.00
A	014992	CN	7	10.00
A	014993	CN	406	1715.00
A	014994	CN	469	4010.00
A	014995	CN	8	21.00
A	016110	CN	1	2.00
A	016125	CN	1	.00
A	016210	CN	378	1240.00
A	016211	CN	4493	21471.00
A	016212	CN	195	503.00
A	016213	CN	228	211.00
A	016214	CN	374	1484.00
A	016215	CN	130	542.00
A	016220	CN	459	1541.00
A	016221	CN	351	298.00
A	016222	CN	1541	8043.00
A	016223	CN	2181	6225.00
A	016224	CN	25	74.00
A	016230	CN	294	3082.00
A	016231	CN	123	12311.00
A	016232	CN	6	7.00
A	016233	CN	2510	32040.00
A	016234	CN	76	-366.00
A	016235	CN	6	14.00
A	016236	CN	95	28179.00
A	016240	CN	164	307.00
A	016241	CN	141	409.00
A	016242	CN	470	-159.00
A	016243	CN	4	.00
A	016244	CN	60	36.00
A	016250	CN	360	2704.00
A	016251	CN	1220	2978.00
A	016252	CN	931	83636.00
A	016253	CN	351	1255.00
A	016254	CN	147	1837.00
A	016255	CN	16	33.00
A	016290	CN	14	32.00
A	016291	CN	23	272.00
A	016292	CN	15	77.00
A	016310	CN	793	-25117.00
A	016311	CN	1159	10468.00
A	016312	CN	362	3047.00
A	016313	CN	431	3162.00
A	016314	CN	160	12194.00
A	016315	CN	197	1527.00
A	016316	CN	96	12659.00
A	016321	CN	515	3316.00
A	016322	CN	171	313.00
A	016323	CN	709	2442.00
A	016324	CN	531	1673.00
A	016325	CN	214	1723.00
A	016326	CN	69	77.00
A	016327	CN	12	61.00
A	016328	CN	134	3279.00
A	016330	CN	63	173.00
A	016331	CN	246	551.00
A	016332	CN	29	47.00
A	016333	CN	104	163.00
A	016335	CN	48	74.00
A	016336	CN	15	56.00
A	016337	CN	4	6.00
A	016338	CN	23	31.00
A	016339	CN	6	1280.00
A	016340	CN	43	456.00
A	016341	CN	30	62.00
A	016342	CN	2	3.00
A	016343	CN	3	3.00
A	016344	CN	6	8.00
A	016345	CN	5	5.00
A	016346	CN	24	99.00
A	016347	CN	2	301.00
A	016390	CN	5	.00
A	016510	CN	118	934.00
A	016530	CN	55	-4113.00
A	016531	CN	475	2466.00
A	016532	CN	176	375.00
A	016533	CN	101	655.00
A	016535	CN	32	84.00
A	016537	CN	5	43.00
A	016591	CN	9	571.00
A	016610	CN	304	22031.00
A	016630	CN	2529	20141.00
A	016631	CN	298	2828.00
A	016632	CN	612	10262.00
A	016633	CN	658	3822.00
A	016634	CN	108	30548.00
A	016635	CN	16	496.00
A	016640	CN	1718	18506.00
A	016641	CN	940	6334.00
A	016642	CN	491	4516.00
A	016643	CN	203	1243.00
A	016644	CN	304	3994.00
A	016690	CN	309	29324.00
A	016691	CN	1	.00
A	017100	CN	53	99.00
A	017110	CN	216	3998.00
A	017120	CN	2428	6079.00
A	017130	CN	362	556.00
A	017140	CN	280	2263.00
A	017150	CN	191	2300.00
A	017160	CN	357	8137.00
A	017170	CN	22	541.00
A	017190	CN	29	46.00
A	017210	CN	8	9.00
A	017230	CN	155	1880.00
A	017231	CN	5	48.00
A	017232	CN	1	1.00
A	017700	CN	33	547.00
A	017810	CN	6	44.00
A	017850	CN	346	113.00
A	017860	CN	20	82.00
A	017871	CN	20	64.00
A	017873	CN	59	285.00
A	018100	CN	72	536.00
A	019499	CN	1	.00
A	019930	CN	7	10.00
A	020497	BJ	103	.00
A	021694	BJ	19	.00
A	022873	BJ	1	.00
A	041199	BJ	25	.00
A	060489	BJ	300	.00
A	060694	BJ	41	.00
A	070698	BJ	43	.00
A	100400	BJ	164	14849.00
A	101489	BJ	458	15248.18
A	116211	CN	1	100.00
A	116214	CN	4	14.00
A	116216	CN	241	2017.00
A	116217	CN	94	202.00
A	116406	CN	18	33.00
A	117130	CN	432	1384.00
A	117160	CN	1	.00
A	310593	TJ	91	.00
A	310693	TJ	1522	.00
A	311293	TJ	16	.00
A	312171	BJ	100	6848.00
A	360499	TJ	31	29951.70
A	510099	CN	2	.00
A	510398	CN	42	.00
A	510399	CN	2	.00
A	510497	CN	1222	.00
A	510589	CN	8	.00
A	510689	CN	5	.00
A	510797	CN	2183	.00
A	510898	CN	10	.00
A	511100	CN	138	12385.00
A	511200	CN	24	53959.00
A	511300	CN	68	19025.00
A	511400	CN	24	2088.00
A	511401	TJ	52	1233.00
A	511402	TJ	480	3732.00
A	511406	TJ	156	4691.00
A	511489	CN	6	.00
A	511500	CN	65	426809.00
A	511798	CN	1	.00
A	512100	CN	61	654.00
A	512110	TJ	2288	30273.00
A	512120	TJ	314	5130.00
A	512140	TJ	12	14381.00
A	512142	TJ	325	8300.00
A	512160	TJ	101	.00
A	512161	TJ	238	3519.85
A	512180	TJ	1	36.00
A	512230	TJ	50	51727.00
A	512499	CN	167	.00
A	512600	CN	35	.00
A	513111	TJ	18	28656.00
A	513210	TJ	130	-297323.00
A	513221	TJ	161	86291.00
A	513310	TJ	23	78583.00
A	513311	TJ	57	208250.00
A	513313	TJ	32	13914.00
A	513315	TJ	265	2581028.00
A	513316	TJ	8	395000.00
A	513319	TJ	32	173100.00
A	513322	TJ	30	43914.00
A	513323	TJ	27	8971.00
A	513412	TJ	43	29893.00
A	513511	TJ	119	3490540.00
A	513611	TJ	158	134443.50
A	513621	TJ	4	8.00
A	513622	TJ	18	9265.00
A	513710	TJ	21	11760.00
A	513711	TJ	53	193.00
A	513712	TJ	16	3251.00
A	513713	TJ	32	26714.00
A	513714	TJ	62	1149.00
A	520389	CN	1	.00
A	520399	CN	3	.00
A	540481	CN	2	.00
A	540482	CN	1	.00
A	540498	CN	43644	.00
A	540788	CN	1	.00
A	540799	CN	33636	.00
A	550199	CN	5	7088.15
A	960101	TJ	221	97625.00
A	960102	TJ	10010	12130398.00
A	960103	TJ	1446	412081.00
A	960104	TJ	4	.00
A	960105	TJ	1031	10108690.00
A	960112	TJ	23	5800.00
A	960113	TJ	1	.00
A	960122	TJ	3963	78658.00
A	960131	TJ	3068	560135.00
A	960132	TJ	15129	1002343.00
A	960133	TJ	369	309644.00
A	960134	TJ	7	43.00
A	960135	TJ	2764	14454479.00
A	960136	TJ	3	.00
A	960139	TJ	15	4535.00
A	960142	TJ	784	145902.00
A	960143	TJ	880	79419.20
A	960151	TJ	207	537015.10
A	960152	TJ	1711	7705084.00
A	960153	TJ	216	189957.00
A	960154	TJ	6	328070.50
A	960155	TJ	359	18601535.00
A	960156	TJ	13	.00
A	960159	TJ	16	475.16
A	960162	TJ	8	1212500.00
A	960163	TJ	10	19900.00
A	960165	TJ	15	2343701.00
A	960166	TJ	15	2077.00
A	960901	TJ	1180	.00
A	960902	TJ	165	.00
A	970108	SH	23602	899021.00
A	980101	CN	14929	1865958.00
A	980102	CN	25504	44958076.00
A	980103	CN	5671	57795082.00
A	980106	CN	1469	45174029.00
A	980108	CN	88503	2213204.00
A	980110	CN	12	.00
A	980111	CN	1189	.00
A	980112	CN	272	21823.00
A	980113	CN	5169	98488.00
A	980114	CN	16178	560723.00
A	980115	CN	2316	564829.00
A	980116	CN	18	7420.00
A	980117	CN	17234	1888376.00
A	980118	CN	79	92417.00
A	980119	CN	1251	14153258.00
A	980120	CN	12	3003000.00
A	980121	CN	7	3635600.00
A	980122	CN	3	89.00
A	980901	CN	7496	67.00
A	980902	CN	454	.00
A	990101	BJ	1588	145093.00
A	990102	BJ	10447	40569388.00
A	990103	BJ	2282	7821766.00
A	990104	BJ	3043	809863.00
A	990105	BJ	155	707283.00
A	990107	BJ	500	55920.00
A	990108	BJ	117	139410.00
A	990109	BJ	193	2256443.00
A	990110	BJ	1507	.00
A	990111	BJ	2493	.00
A	990112	BJ	23	.00
A	990113	BJ	88	14136.00
A	990114	BJ	606	79662.00
A	990115	BJ	26	.00
A	990116	BJ	48	.00
A	990117	BJ	345	10849.00
A	990118	BJ	29	47958.00
A	990119	BJ	1053	3358.00
A	990120	BJ	5	.00
A	990121	BJ	1	.00
A	990122	BJ	15	.00
A	990130	BJ	363	36606.00
A	990131	BJ	2	.00
A	990132	BJ	14	9.00
A	990133	BJ	45	18.00
A	990134	BJ	162	41871.00
A	990137	BJ	75	82863.00
A	990138	BJ	11	343.00
A	990139	BJ	23	42012.20
A	990150	BJ	254	345257.00
A	990151	BJ	35	1768145.00
A	990152	BJ	29	140340.00
A	990153	BJ	460	6732475.00
A	990154	BJ	1306	1298738.00
A	990155	BJ	2548	24475105.00
A	990156	BJ	558	98086.00
A	990157	BJ	57	1198658.00
A	990158	BJ	40	575098.00
A	990159	BJ	5788	440.60
A	990163	BJ	2	.00
A	990164	BJ	188	229028.00
A	990165	BJ	27	3045164.00
A	990166	BJ	35	6711.00
A	990200	BJ	1	.00
A	990425	CN	1	.00
A	990901	BJ	4798	.00
A	990902	BJ	439	1.00
B	000000	BJ	1	.00
B	000211	SH	29	7509.00
B	000212	SH	56	36630.00
B	001110	BJ	67	37310.00
B	001120	BJ	335	4.00
B	001121	BJ	82	33043.00
B	001124	BJ	33	16706.00
B	001129	BJ	18	419699.00
B	001130	BJ	60	47.00
B	001140	BJ	16	2037.00
B	001230	BJ	238	1241400.90
B	001232	BJ	3	.00
B	001260	BJ	195	951158.50
B	001270	BJ	102	27450.00
B	001290	BJ	38	27.00
B	001310	BJ	52	2643.00
B	001331	BJ	233	633800.20
B	001430	BJ	132	35485.00
B	001431	BJ	134	24787.00
B	001510	BJ	18	995.00
B	001520	BJ	57	-456.00
B	001521	BJ	32	5875.00
B	001530	BJ	43	5746.00
B	001539	BJ	560	2165663.00
B	001610	BJ	48	25934.00
B	001621	BJ	1	.00
B	001622	BJ	85	335872.00
B	001631	BJ	11	3445.00
B	001632	BJ	252	148200.00
B	001633	BJ	58	6082.00
B	001710	BJ	50	2421568.00
B	001711	BJ	150	10134.00
B	001722	BJ	13	1.00
B	001723	BJ	89	19049.00
B	001724	BJ	2891	25778.00
B	001799	BJ	10611	38258.00
B	001810	BJ	33	6.00
B	001811	BJ	47	55981.00
B	001812	BJ	10	8250.00
B	001813	BJ	14	37750.00
B	001899	BJ	181	417.00
B	002120	BJ	1	.00
B	002125	BJ	9	.00
B	002130	BJ	51	.00
B	002140	BJ	399	12360.52
B	002150	BJ	525	33667.00
B	002160	BJ	606	3473.70
B	002161	BJ	9674	66575.60
B	002162	BJ	418	39759.00
B	002163	BJ	94	.00
B	002164	BJ	85	33.00
B	002165	BJ	794	48217.00
B	002166	BJ	4	.00
B	002199	BJ	2932	4163.00
B	002500	BJ	214	42800.00
B	002525	BJ	4	.00
B	002700	BJ	2318	36.00
B	002810	BJ	82	300.00
B	002871	BJ	9	399870.00
B	002876	BJ	7	5136.00
B	003303	SH	124	32872362.00
B	003910	CN	392	65626258.00
B	005100	BJ	353	190842.00
B	006110	CN	949	.00
B	006111	CN	12	.00
B	006123	CN	22	.00
B	006210	CN	297	16198.00
B	006220	CN	124	8921.00
B	006230	CN	48	200.00
B	006232	CN	35	250.50
B	006233	CN	320	22955.00
B	006234	CN	2	.00
B	006240	CN	18	-4.00
B	006250	CN	67	11981.00
B	006310	CN	459	2877129.00
B	006320	CN	37	12.00
B	006330	CN	209	1836714.00
B	006339	CN	49	257617.00
B	006340	CN	83	100058.00
B	006390	CN	838	206270.00
B	006427	CN	12	.00
B	006500	CN	27	-200.00
B	006530	CN	183	2246609.40
B	006600	CN	41	.00
B	006610	CN	699	19628.00
B	006630	CN	996	309297.42
B	006640	CN	716	2577852.00
B	007100	CN	56	620.00
B	007110	CN	473	232.00
B	007120	CN	2718	8586.00
B	007124	BJ	1	.00
B	007140	CN	531	9208.00
B	007150	CN	231	909.00
B	007160	CN	5636	55675.00
B	007230	CN	93	-14324.00
B	007235	CN	82	676.00
B	007700	CN	4229	33.00
B	008100	CN	428	285093.00
B	120799	BJ	23	.00
B	127400	BJ	6	5.00
B	130099	BJ	3	.00
B	144160	CN	63	610.00
B	144220	CN	180	519.00
B	199912	CN	8	51.00
B	216400	BJ	43	1464.00
B	239910	AM	276	29302096.00
B	239920	AM	117	35013373.00
B	239930	AM	177	15762547.00
B	239950	AM	68	7773725.00
B	300400	TJ	150	290607.00
B	300499	TJ	1412	19325.00
B	301489	TJ	211	.00
B	301799	TJ	441	1427.00
B	488888	BJ	1927	1754.00
B	499991	BJ	2703	4025.00
B	499992	BJ	88	.00
B	499993	BJ	88	2.00
B	499995	BJ	7	12.00
B	499996	BJ	6	.00
B	499997	BJ	11	.00
B	499998	BJ	6	.00
B	499999	BJ	5	456.00
B	500400	CN	110	168552.00
B	500789	CN	7727	119784.00
B	501789	CN	538	4699.00
B	560594	CN	2	.00
B	560694	CN	1481	.00
B	588100	TJ	105	10880.00
B	599999	CN	11	210.00
B	600004	CN	1	-2.00
B	600007	CN	1	.00
B	600022	CN	1	-1.00
B	699991	BJ	4	.00
B	712000	CN	1300	21378.00
B	715000	CN	1	.00
B	785000	CN	2070	120925.00
B	900900	CN	8857	31774917.30
